,Business,Entertainment,Food,Science,Culture,Health,Politics,International,Sport,Technology,Economy
0124,0.0,0.0,0.0,0.00028579230392,0.0,0.0,0.0,0.0,0.0,0.0,0.0
10,0.0,0.00352096149787,0.0,0.000214834855089,0.0,0.0,0.0,0.00785120688953,0.0,0.0,0.0
100,0.0,0.0,0.0,0.000214834855089,0.0,0.00140644782409,0.0,0.0,0.0,0.000844611616855,0.0
1000li,0.0,0.0,0.00821747107419,0.0,0.0,0.0,0.0,0.0,0.0,0.0,0.0
100intelestream,0.0,0.0,0.0,0.00028579230392,0.0,0.0,0.0,0.0,0.0,0.0,0.0
100microsoft,0.0,0.0,0.0,0.00028579230392,0.0,0.0,0.0,0.0,0.0,0.0,0.0
100stream,0.0,0.0,0.0,0.00028579230392,0.0,0.0,0.0,0.0,0.0,0.0,0.0
100table,0.0,0.0,0.0,0.00028579230392,0.0,0.0,0.0,0.0,0.0,0.0,0.0
101amarket,0.0,0.0,0.0,0.00028579230392,0.0,0.0,0.0,0.0,0.0,0.0,0.0
101analysis,0.0,0.0,0.0,0.00057158460784,0.0,0.0,0.0,0.0,0.0,0.0,0.0
101bmarket,0.0,0.0,0.0,0.00028579230392,0.0,0.0,0.0,0.0,0.0,0.0,0.0
101enablepath,0.0,0.0,0.0,0.00028579230392,0.0,0.0,0.0,0.0,0.0,0.0,0.0
101leading,0.0,0.0,0.0,0.00028579230392,0.0,0.0,0.0,0.0,0.0,0.0,0.0
101nextprinciples,0.0,0.0,0.0,0.00028579230392,0.0,0.0,0.0,0.0,0.0,0.0,0.0
101salesforcecom,0.0,0.0,0.0,0.00028579230392,0.0,0.0,0.0,0.0,0.0,0.0,0.0
102ims,0.0,0.0,0.0,0.00028579230392,0.0,0.0,0.0,0.0,0.0,0.0,0.0
102maximizer,0.0,0.0,0.0,0.00028579230392,0.0,0.0,0.0,0.0,0.0,0.0,0.0
102table,0.0,0.0,0.0,0.00028579230392,0.0,0.0,0.0,0.0,0.0,0.0,0.0
1034html,0.0,0.0,0.00136957851237,0.0,0.0,0.0,0.0,0.0,0.0,0.0,0.0
103ads,0.0,0.0,0.0,0.00028579230392,0.0,0.0,0.0,0.0,0.0,0.0,0.0
103efuture,0.0,0.0,0.0,0.00028579230392,0.0,0.0,0.0,0.0,0.0,0.0,0.0
104backstop,0.0,0.0,0.0,0.00028579230392,0.0,0.0,0.0,0.0,0.0,0.0,0.0
104wherescape,0.0,0.0,0.0,0.00028579230392,0.0,0.0,0.0,0.0,0.0,0.0,0.0
105amadeus,0.0,0.0,0.0,0.00028579230392,0.0,0.0,0.0,0.0,0.0,0.0,0.0
105epicom,0.0,0.0,0.0,0.00028579230392,0.0,0.0,0.0,0.0,0.0,0.0,0.0
105microsoft,0.0,0.0,0.0,0.00028579230392,0.0,0.0,0.0,0.0,0.0,0.0,0.0
106amarket,0.0,0.0,0.0,0.00057158460784,0.0,0.0,0.0,0.0,0.0,0.0,0.0
106bmarket,0.0,0.0,0.0,0.00028579230392,0.0,0.0,0.0,0.0,0.0,0.0,0.0
106chinese,0.0,0.0,0.0,0.00028579230392,0.0,0.0,0.0,0.0,0.0,0.0,0.0
106competition,0.0,0.0,0.0,0.00028579230392,0.0,0.0,0.0,0.0,0.0,0.0,0.0
106current,0.0,0.0,0.0,0.00028579230392,0.0,0.0,0.0,0.0,0.0,0.0,0.0
106cwr,0.0,0.0,0.0,0.00028579230392,0.0,0.0,0.0,0.0,0.0,0.0,0.0
106edgewater,0.0,0.0,0.0,0.00028579230392,0.0,0.0,0.0,0.0,0.0,0.0,0.0
106market,0.0,0.0,0.0,0.00028579230392,0.0,0.0,0.0,0.0,0.0,0.0,0.0
106product,0.0,0.0,0.0,0.00028579230392,0.0,0.0,0.0,0.0,0.0,0.0,0.0
106strategic,0.0,0.0,0.0,0.00028579230392,0.0,0.0,0.0,0.0,0.0,0.0,0.0
106swiftpage,0.0,0.0,0.0,0.00028579230392,0.0,0.0,0.0,0.0,0.0,0.0,0.0
106table,0.0,0.0,0.0,0.00028579230392,0.0,0.0,0.0,0.0,0.0,0.0,0.0
107advanced,0.0,0.0,0.0,0.00028579230392,0.0,0.0,0.0,0.0,0.0,0.0,0.0
107ims,0.0,0.0,0.0,0.00028579230392,0.0,0.0,0.0,0.0,0.0,0.0,0.0
107sichuan,0.0,0.0,0.0,0.00028579230392,0.0,0.0,0.0,0.0,0.0,0.0,0.0
107strategic,0.0,0.0,0.0,0.00028579230392,0.0,0.0,0.0,0.0,0.0,0.0,0.0
108,0.0,0.0,0.0,0.00028579230392,0.0,0.0,0.0,0.0,0.0,0.0,0.0
108a,0.0,0.0,0.0,0.00028579230392,0.0,0.0,0.0,0.0,0.0,0.0,0.0
108bmarket,0.0,0.0,0.0,0.00028579230392,0.0,0.0,0.0,0.0,0.0,0.0,0.0
108protection,0.0,0.0,0.0,0.00028579230392,0.0,0.0,0.0,0.0,0.0,0.0,0.0
108sonoma,0.0,0.0,0.0,0.00028579230392,0.0,0.0,0.0,0.0,0.0,0.0,0.0
108table,0.0,0.0,0.0,0.00028579230392,0.0,0.0,0.0,0.0,0.0,0.0,0.0
109infor,0.0,0.0,0.0,0.00028579230392,0.0,0.0,0.0,0.0,0.0,0.0,0.0
109netsuite,0.0,0.0,0.0,0.00028579230392,0.0,0.0,0.0,0.0,0.0,0.0,0.0
109table,0.0,0.0,0.0,0.00028579230392,0.0,0.0,0.0,0.0,0.0,0.0,0.0
109toa,0.0,0.0,0.0,0.00028579230392,0.0,0.0,0.0,0.0,0.0,0.0,0.0
109yodle,0.0,0.0,0.0,0.00028579230392,0.0,0.0,0.0,0.0,0.0,0.0,0.0
10competitive,0.0,0.0,0.0,0.00028579230392,0.0,0.0,0.0,0.0,0.0,0.0,0.0
10fractional,0.0,0.0,0.0,0.00028579230392,0.0,0.0,0.0,0.0,0.0,0.0,0.0
10laser,0.0,0.0,0.0,0.00028579230392,0.0,0.0,0.0,0.0,0.0,0.0,0.0
10s,0.0,0.0,0.0,0.0,0.0,0.0,0.0,0.00783327676713,0.0,0.0,0.0
10table,0.0,0.0,0.0,0.00057158460784,0.0,0.0,0.0,0.0,0.0,0.0,0.0
11,0.0,0.0,0.0,0.0,0.0,0.0,0.0,0.0,0.00045928321516,0.0,0.0
110,0.0,0.0,0.0,0.0,0.0,0.0,0.0,0.0,0.00045928321516,0.0,0.0
110amarket,0.0,0.0,0.0,0.00028579230392,0.0,0.0,0.0,0.0,0.0,0.0,0.0
110infor,0.0,0.0,0.0,0.00028579230392,0.0,0.0,0.0,0.0,0.0,0.0,0.0
110market,0.0,0.0,0.0,0.00028579230392,0.0,0.0,0.0,0.0,0.0,0.0,0.0
110moxie,0.0,0.0,0.0,0.00028579230392,0.0,0.0,0.0,0.0,0.0,0.0,0.0
110product,0.0,0.0,0.0,0.00028579230392,0.0,0.0,0.0,0.0,0.0,0.0,0.0
110strategic,0.0,0.0,0.0,0.00028579230392,0.0,0.0,0.0,0.0,0.0,0.0,0.0
111epicor,0.0,0.0,0.0,0.00028579230392,0.0,0.0,0.0,0.0,0.0,0.0,0.0
111ims,0.0,0.0,0.0,0.00028579230392,0.0,0.0,0.0,0.0,0.0,0.0,0.0
111key,0.0,0.0,0.0,0.00028579230392,0.0,0.0,0.0,0.0,0.0,0.0,0.0
111time4advice,0.0,0.0,0.0,0.00028579230392,0.0,0.0,0.0,0.0,0.0,0.0,0.0
112amarket,0.0,0.0,0.0,0.00028579230392,0.0,0.0,0.0,0.0,0.0,0.0,0.0
112cancer,0.0,0.0,0.0,0.00057158460784,0.0,0.0,0.0,0.0,0.0,0.0,0.0
112competition,0.0,0.0,0.0,0.00028579230392,0.0,0.0,0.0,0.0,0.0,0.0,0.0
112current,0.0,0.0,0.0,0.00028579230392,0.0,0.0,0.0,0.0,0.0,0.0,0.0
112doubledutch,0.0,0.0,0.0,0.00028579230392,0.0,0.0,0.0,0.0,0.0,0.0,0.0
112energy,0.0,0.0,0.0,0.00028579230392,0.0,0.0,0.0,0.0,0.0,0.0,0.0
112ism,0.0,0.0,0.0,0.00028579230392,0.0,0.0,0.0,0.0,0.0,0.0,0.0
112jaguar,0.0,0.0,0.0,0.00028579230392,0.0,0.0,0.0,0.0,0.0,0.0,0.0
113,0.0,0.0,0.0,0.00028579230392,0.0,0.0,0.0,0.0,0.0,0.0,0.0
113changing,0.0,0.0,0.0,0.00028579230392,0.0,0.0,0.0,0.0,0.0,0.0,0.0
113indian,0.0,0.0,0.0,0.00028579230392,0.0,0.0,0.0,0.0,0.0,0.0,0.0
113steelhouse,0.0,0.0,0.0,0.00028579230392,0.0,0.0,0.0,0.0,0.0,0.0,0.0
113strategic,0.0,0.0,0.0,0.00028579230392,0.0,0.0,0.0,0.0,0.0,0.0,0.0
113table,0.0,0.0,0.0,0.00028579230392,0.0,0.0,0.0,0.0,0.0,0.0,0.0
114,0.0,0.0,0.0,0.0,0.0,0.0,0.0,0.00261109225571,0.0,0.0,0.0
1144c,0.0,0.0,0.0,0.00028579230392,0.0,0.0,0.0,0.0,0.0,0.0,0.0
114bmarket,0.0,0.0,0.0,0.00057158460784,0.0,0.0,0.0,0.0,0.0,0.0,0.0
114sage,0.0,0.0,0.0,0.00028579230392,0.0,0.0,0.0,0.0,0.0,0.0,0.0
115,0.0,0.0,0.0,0.0,0.0,0.0,0.0,0.00261109225571,0.0,0.0,0.0
115insideview,0.0,0.0,0.0,0.00028579230392,0.0,0.0,0.0,0.0,0.0,0.0,0.0
115invisiblecrm,0.0,0.0,0.0,0.00028579230392,0.0,0.0,0.0,0.0,0.0,0.0,0.0
115sap,0.0,0.0,0.0,0.00028579230392,0.0,0.0,0.0,0.0,0.0,0.0,0.0
115table,0.0,0.0,0.0,0.00057158460784,0.0,0.0,0.0,0.0,0.0,0.0,0.0
1163clogic,0.0,0.0,0.0,0.00028579230392,0.0,0.0,0.0,0.0,0.0,0.0,0.0
116tamarac,0.0,0.0,0.0,0.00028579230392,0.0,0.0,0.0,0.0,0.0,0.0,0.0
117,0.0,0.0,0.0,0.0,0.0,0.0,0.0,0.00261109225571,0.0,0.0,0.0
117amarket,0.0,0.0,0.0,0.00028579230392,0.0,0.0,0.0,0.0,0.0,0.0,0.0
117bmarket,0.0,0.0,0.0,0.00028579230392,0.0,0.0,0.0,0.0,0.0,0.0,0.0
117emailvision,0.0,0.0,0.0,0.00028579230392,0.0,0.0,0.0,0.0,0.0,0.0,0.0
117kana,0.0,0.0,0.0,0.00028579230392,0.0,0.0,0.0,0.0,0.0,0.0,0.0
117strategic,0.0,0.0,0.0,0.00028579230392,0.0,0.0,0.0,0.0,0.0,0.0,0.0
118access,0.0,0.0,0.0,0.00028579230392,0.0,0.0,0.0,0.0,0.0,0.0,0.0
118swk,0.0,0.0,0.0,0.00028579230392,0.0,0.0,0.0,0.0,0.0,0.0,0.0
118workwise,0.0,0.0,0.0,0.00028579230392,0.0,0.0,0.0,0.0,0.0,0.0,0.0
119,0.0,0.0,0.0,0.00028579230392,0.0,0.0,0.0,0.0,0.0,0.0,0.0
119dominion,0.0,0.0,0.0,0.00028579230392,0.0,0.0,0.0,0.0,0.0,0.0,0.0
119silverpop,0.0,0.0,0.0,0.00028579230392,0.0,0.0,0.0,0.0,0.0,0.0,0.0
119table,0.0,0.0,0.0,0.00028579230392,0.0,0.0,0.0,0.0,0.0,0.0,0.0
11crm,0.0,0.0,0.0,0.00028579230392,0.0,0.0,0.0,0.0,0.0,0.0,0.0
11marketing,0.0,0.0,0.0,0.00028579230392,0.0,0.0,0.0,0.0,0.0,0.0,0.0
11product,0.0,0.0,0.0,0.00028579230392,0.0,0.0,0.0,0.0,0.0,0.0,0.0
12,0.0,0.00157329041918,0.0,0.000191991658768,0.0,0.0,0.0,0.00175409878605,0.00154270330435,0.0,0.0
120eprize,0.0,0.0,0.0,0.00028579230392,0.0,0.0,0.0,0.0,0.0,0.0,0.0
120light,0.0,0.0,0.0,0.00028579230392,0.0,0.0,0.0,0.0,0.0,0.0,0.0
120primeum,0.0,0.0,0.0,0.00028579230392,0.0,0.0,0.0,0.0,0.0,0.0,0.0
120sopra,0.0,0.0,0.0,0.00028579230392,0.0,0.0,0.0,0.0,0.0,0.0,0.0
121amarket,0.0,0.0,0.0,0.00028579230392,0.0,0.0,0.0,0.0,0.0,0.0,0.0
121industry,0.0,0.0,0.0,0.00028579230392,0.0,0.0,0.0,0.0,0.0,0.0,0.0
121product,0.0,0.0,0.0,0.00028579230392,0.0,0.0,0.0,0.0,0.0,0.0,0.0
121strategic,0.0,0.0,0.0,0.00028579230392,0.0,0.0,0.0,0.0,0.0,0.0,0.0
121sugarcrm,0.0,0.0,0.0,0.00028579230392,0.0,0.0,0.0,0.0,0.0,0.0,0.0
121veeva,0.0,0.0,0.0,0.00028579230392,0.0,0.0,0.0,0.0,0.0,0.0,0.0
122market,0.0,0.0,0.0,0.00028579230392,0.0,0.0,0.0,0.0,0.0,0.0,0.0
122microsoft,0.0,0.0,0.0,0.00028579230392,0.0,0.0,0.0,0.0,0.0,0.0,0.0
123,0.0,0.0,0.0,0.00028579230392,0.0,0.0,0.0,0.0,0.0,0.0,0.0
123key,0.0,0.0,0.0,0.00028579230392,0.0,0.0,0.0,0.0,0.0,0.0,0.0
123market,0.0,0.0,0.0,0.00057158460784,0.0,0.0,0.0,0.0,0.0,0.0,0.0
123oracle,0.0,0.0,0.0,0.00028579230392,0.0,0.0,0.0,0.0,0.0,0.0,0.0
123sugarcrm,0.0,0.0,0.0,0.00028579230392,0.0,0.0,0.0,0.0,0.0,0.0,0.0
124intuit,0.0,0.0,0.0,0.00028579230392,0.0,0.0,0.0,0.0,0.0,0.0,0.0
124oracle,0.0,0.0,0.0,0.00028579230392,0.0,0.0,0.0,0.0,0.0,0.0,0.0
124sugarcrm,0.0,0.0,0.0,0.00057158460784,0.0,0.0,0.0,0.0,0.0,0.0,0.0
125accenture,0.0,0.0,0.0,0.00028579230392,0.0,0.0,0.0,0.0,0.0,0.0,0.0
125linkedin,0.0,0.0,0.0,0.00028579230392,0.0,0.0,0.0,0.0,0.0,0.0,0.0
125relate,0.0,0.0,0.0,0.00028579230392,0.0,0.0,0.0,0.0,0.0,0.0,0.0
125zs,0.0,0.0,0.0,0.00028579230392,0.0,0.0,0.0,0.0,0.0,0.0,0.0
126net,0.0,0.0,0.0,0.00028579230392,0.0,0.0,0.0,0.0,0.0,0.0,0.0
126virtuoz,0.0,0.0,0.0,0.00028579230392,0.0,0.0,0.0,0.0,0.0,0.0,0.0
127,0.0,0.0,0.0,0.0,0.0,0.0,0.0,0.00261109225571,0.0,0.0,0.0
127assuresign,0.0,0.0,0.0,0.00028579230392,0.0,0.0,0.0,0.0,0.0,0.0,0.0
127bmarket,0.0,0.0,0.0,0.00028579230392,0.0,0.0,0.0,0.0,0.0,0.0,0.0
128healthgrades,0.0,0.0,0.0,0.00028579230392,0.0,0.0,0.0,0.0,0.0,0.0,0.0
128loyaltyone,0.0,0.0,0.0,0.00028579230392,0.0,0.0,0.0,0.0,0.0,0.0,0.0
128nissan,0.0,0.0,0.0,0.00028579230392,0.0,0.0,0.0,0.0,0.0,0.0,0.0
128table,0.0,0.0,0.0,0.00028579230392,0.0,0.0,0.0,0.0,0.0,0.0,0.0
129,0.0,0.0,0.0,0.0,0.0,0.0,0.0,0.00261109225571,0.0,0.0,0.0
129avanade,0.0,0.0,0.0,0.00028579230392,0.0,0.0,0.0,0.0,0.0,0.0,0.0
129bitauto,0.0,0.0,0.0,0.00028579230392,0.0,0.0,0.0,0.0,0.0,0.0,0.0
129newmarket,0.0,0.0,0.0,0.00028579230392,0.0,0.0,0.0,0.0,0.0,0.0,0.0
12customer,0.0,0.0,0.0,0.00028579230392,0.0,0.0,0.0,0.0,0.0,0.0,0.0
12e,0.0,0.0,0.0,0.00028579230392,0.0,0.0,0.0,0.0,0.0,0.0,0.0
12s,0.0,0.0,0.0,0.0,0.0,0.0,0.0,0.0,0.00045928321516,0.0,0.0
12strategic,0.0,0.0,0.0,0.00028579230392,0.0,0.0,0.0,0.0,0.0,0.0,0.0
13,0.0,0.0,0.0,0.0,0.0,0.0,0.0,0.0178549328331,0.000785157144499,0.0,0.0
130,0.0,0.0,0.00273915702473,0.0,0.0,0.0,0.0,0.0,0.0,0.0,0.0
1304html,0.0,0.0,0.00136957851237,0.0,0.0,0.0,0.0,0.0,0.0,0.0,0.0
130ablenet,0.0,0.0,0.0,0.00028579230392,0.0,0.0,0.0,0.0,0.0,0.0,0.0
130amarket,0.0,0.0,0.0,0.00028579230392,0.0,0.0,0.0,0.0,0.0,0.0,0.0
130asc,0.0,0.0,0.0,0.00028579230392,0.0,0.0,0.0,0.0,0.0,0.0,0.0
130bmarket,0.0,0.0,0.0,0.00028579230392,0.0,0.0,0.0,0.0,0.0,0.0,0.0
130questback,0.0,0.0,0.0,0.00028579230392,0.0,0.0,0.0,0.0,0.0,0.0,0.0
130strategic,0.0,0.0,0.0,0.00028579230392,0.0,0.0,0.0,0.0,0.0,0.0,0.0
1316,0.0,0.0,0.0,0.00028579230392,0.0,0.0,0.0,0.0,0.0,0.0,0.0
131autotradercom,0.0,0.0,0.0,0.00028579230392,0.0,0.0,0.0,0.0,0.0,0.0,0.0
131fine,0.0,0.0,0.0,0.00028579230392,0.0,0.0,0.0,0.0,0.0,0.0,0.0
131iach,0.0,0.0,0.0,0.00028579230392,0.0,0.0,0.0,0.0,0.0,0.0,0.0
132,0.0,0.0,0.0,0.0,0.0,0.0,0.0,0.00261109225571,0.0,0.0,0.0
132aplicor,0.0,0.0,0.0,0.00028579230392,0.0,0.0,0.0,0.0,0.0,0.0,0.0
132emailvision,0.0,0.0,0.0,0.00028579230392,0.0,0.0,0.0,0.0,0.0,0.0,0.0
132table,0.0,0.0,0.0,0.00028579230392,0.0,0.0,0.0,0.0,0.0,0.0,0.0
133cdw,0.0,0.0,0.0,0.00028579230392,0.0,0.0,0.0,0.0,0.0,0.0,0.0
133emailvision,0.0,0.0,0.0,0.00028579230392,0.0,0.0,0.0,0.0,0.0,0.0,0.0
133oracle,0.0,0.0,0.0,0.00028579230392,0.0,0.0,0.0,0.0,0.0,0.0,0.0
134amarket,0.0,0.0,0.0,0.00028579230392,0.0,0.0,0.0,0.0,0.0,0.0,0.0
134baker,0.0,0.0,0.0,0.00028579230392,0.0,0.0,0.0,0.0,0.0,0.0,0.0
134bmarket,0.0,0.0,0.0,0.00028579230392,0.0,0.0,0.0,0.0,0.0,0.0,0.0
134kocnet,0.0,0.0,0.0,0.00028579230392,0.0,0.0,0.0,0.0,0.0,0.0,0.0
134market,0.0,0.0,0.0,0.00028579230392,0.0,0.0,0.0,0.0,0.0,0.0,0.0
134sap,0.0,0.0,0.0,0.00028579230392,0.0,0.0,0.0,0.0,0.0,0.0,0.0
134strategic,0.0,0.0,0.0,0.00028579230392,0.0,0.0,0.0,0.0,0.0,0.0,0.0
135pitney,0.0,0.0,0.0,0.00028579230392,0.0,0.0,0.0,0.0,0.0,0.0,0.0
135salesforcecom,0.0,0.0,0.0,0.00028579230392,0.0,0.0,0.0,0.0,0.0,0.0,0.0
135table,0.0,0.0,0.0,0.00028579230392,0.0,0.0,0.0,0.0,0.0,0.0,0.0
13637signals,0.0,0.0,0.0,0.00028579230392,0.0,0.0,0.0,0.0,0.0,0.0,0.0
136adapt,0.0,0.0,0.0,0.00028579230392,0.0,0.0,0.0,0.0,0.0,0.0,0.0
136adobe,0.0,0.0,0.0,0.00028579230392,0.0,0.0,0.0,0.0,0.0,0.0,0.0
137amarket,0.0,0.0,0.0,0.00028579230392,0.0,0.0,0.0,0.0,0.0,0.0,0.0
137aplicor,0.0,0.0,0.0,0.00028579230392,0.0,0.0,0.0,0.0,0.0,0.0,0.0
137aptean,0.0,0.0,0.0,0.00028579230392,0.0,0.0,0.0,0.0,0.0,0.0,0.0
137cegedim,0.0,0.0,0.0,0.00028579230392,0.0,0.0,0.0,0.0,0.0,0.0,0.0
137concursive,0.0,0.0,0.0,0.00028579230392,0.0,0.0,0.0,0.0,0.0,0.0,0.0
137product,0.0,0.0,0.0,0.00028579230392,0.0,0.0,0.0,0.0,0.0,0.0,0.0
137strategic,0.0,0.0,0.0,0.00028579230392,0.0,0.0,0.0,0.0,0.0,0.0,0.0
138huawei,0.0,0.0,0.0,0.00028579230392,0.0,0.0,0.0,0.0,0.0,0.0,0.0
138international,0.0,0.0,0.0,0.00028579230392,0.0,0.0,0.0,0.0,0.0,0.0,0.0
139infor,0.0,0.0,0.0,0.00028579230392,0.0,0.0,0.0,0.0,0.0,0.0,0.0
139key,0.0,0.0,0.0,0.00028579230392,0.0,0.0,0.0,0.0,0.0,0.0,0.0
139maximizer,0.0,0.0,0.0,0.00028579230392,0.0,0.0,0.0,0.0,0.0,0.0,0.0
139microsoft,0.0,0.0,0.0,0.00028579230392,0.0,0.0,0.0,0.0,0.0,0.0,0.0
13growing,0.0,0.0,0.0,0.00028579230392,0.0,0.0,0.0,0.0,0.0,0.0,0.0
14,0.0,0.0,0.0,0.0,0.0,0.0,0.0,0.00261109225571,0.0,0.0,0.0
140netsuite,0.0,0.0,0.0,0.00028579230392,0.0,0.0,0.0,0.0,0.0,0.0,0.0
140oracle,0.0,0.0,0.0,0.00028579230392,0.0,0.0,0.0,0.0,0.0,0.0,0.0
141salesforcecom,0.0,0.0,0.0,0.00028579230392,0.0,0.0,0.0,0.0,0.0,0.0,0.0
142selligent,0.0,0.0,0.0,0.00028579230392,0.0,0.0,0.0,0.0,0.0,0.0,0.0
142splendidcrm,0.0,0.0,0.0,0.00028579230392,0.0,0.0,0.0,0.0,0.0,0.0,0.0
142sugarcrm,0.0,0.0,0.0,0.00028579230392,0.0,0.0,0.0,0.0,0.0,0.0,0.0
142swiftpage,0.0,0.0,0.0,0.00028579230392,0.0,0.0,0.0,0.0,0.0,0.0,0.0
143bmarket,0.0,0.0,0.0,0.00028579230392,0.0,0.0,0.0,0.0,0.0,0.0,0.0
143vtiger,0.0,0.0,0.0,0.00028579230392,0.0,0.0,0.0,0.0,0.0,0.0,0.0
143webcrm,0.0,0.0,0.0,0.00028579230392,0.0,0.0,0.0,0.0,0.0,0.0,0.0
144table,0.0,0.0,0.0,0.00028579230392,0.0,0.0,0.0,0.0,0.0,0.0,0.0
145table,0.0,0.0,0.0,0.00028579230392,0.0,0.0,0.0,0.0,0.0,0.0,0.0
146amarket,0.0,0.0,0.0,0.00028579230392,0.0,0.0,0.0,0.0,0.0,0.0,0.0
146analysis,0.0,0.0,0.0,0.00057158460784,0.0,0.0,0.0,0.0,0.0,0.0,0.0
146bmarket,0.0,0.0,0.0,0.00028579230392,0.0,0.0,0.0,0.0,0.0,0.0,0.0
147table,0.0,0.0,0.0,0.00028579230392,0.0,0.0,0.0,0.0,0.0,0.0,0.0
14a,0.0,0.0,0.0,0.0,0.0,0.0,0.0,0.0,0.0,0.00112357699033,0.0
14cancer,0.0,0.0,0.0,0.00028579230392,0.0,0.0,0.0,0.0,0.0,0.0,0.0
14cardiovascular,0.0,0.0,0.0,0.00028579230392,0.0,0.0,0.0,0.0,0.0,0.0,0.0
14product,0.0,0.0,0.0,0.00028579230392,0.0,0.0,0.0,0.0,0.0,0.0,0.0
14s,0.0,0.0,0.0,0.0,0.0,0.0,0.0,0.0,0.00045928321516,0.0,0.0
14table,0.0,0.0,0.0,0.00028579230392,0.0,0.0,0.0,0.0,0.0,0.0,0.0
15,0.0,0.0,0.0,0.0,0.0,0.0,0.0,0.0,0.00045928321516,0.0,0.0
151amarket,0.0,0.0,0.0,0.00028579230392,0.0,0.0,0.0,0.0,0.0,0.0,0.0
151bmarket,0.0,0.0,0.0,0.00028579230392,0.0,0.0,0.0,0.0,0.0,0.0,0.0
151product,0.0,0.0,0.0,0.00028579230392,0.0,0.0,0.0,0.0,0.0,0.0,0.0
151strategic,0.0,0.0,0.0,0.00028579230392,0.0,0.0,0.0,0.0,0.0,0.0,0.0
152table,0.0,0.0,0.0,0.00028579230392,0.0,0.0,0.0,0.0,0.0,0.0,0.0
154amarket,0.0,0.0,0.0,0.00028579230392,0.0,0.0,0.0,0.0,0.0,0.0,0.0
154key,0.0,0.0,0.0,0.00028579230392,0.0,0.0,0.0,0.0,0.0,0.0,0.0
154market,0.0,0.0,0.0,0.00028579230392,0.0,0.0,0.0,0.0,0.0,0.0,0.0
154strategic,0.0,0.0,0.0,0.00028579230392,0.0,0.0,0.0,0.0,0.0,0.0,0.0
157bmarket,0.0,0.0,0.0,0.00028579230392,0.0,0.0,0.0,0.0,0.0,0.0,0.0
158table,0.0,0.0,0.0,0.00028579230392,0.0,0.0,0.0,0.0,0.0,0.0,0.0
15differential,0.0,0.0,0.0,0.00028579230392,0.0,0.0,0.0,0.0,0.0,0.0,0.0
15increasing,0.0,0.0,0.0,0.00028579230392,0.0,0.0,0.0,0.0,0.0,0.0,0.0
15s,0.0,0.0,0.0,0.0,0.0,0.0,0.0,0.0,0.00045928321516,0.0,0.0
15social,0.0,0.0,0.0,0.00028579230392,0.0,0.0,0.0,0.0,0.0,0.0,0.0
15table,0.0,0.0,0.0,0.00028579230392,0.0,0.0,0.0,0.0,0.0,0.0,0.0
15traditional,0.0,0.0,0.0,0.00028579230392,0.0,0.0,0.0,0.0,0.0,0.0,0.0
16,0.0,0.00176048074894,0.0,0.0,0.0,0.0,0.000955269372949,0.0,0.000345250874919,0.0,0.0
160amarket,0.0,0.0,0.0,0.00028579230392,0.0,0.0,0.0,0.0,0.0,0.0,0.0
160market,0.0,0.0,0.0,0.00028579230392,0.0,0.0,0.0,0.0,0.0,0.0,0.0
160product,0.0,0.0,0.0,0.00028579230392,0.0,0.0,0.0,0.0,0.0,0.0,0.0
161strategic,0.0,0.0,0.0,0.00028579230392,0.0,0.0,0.0,0.0,0.0,0.0,0.0
164bmarket,0.0,0.0,0.0,0.00028579230392,0.0,0.0,0.0,0.0,0.0,0.0,0.0
165table,0.0,0.0,0.0,0.00028579230392,0.0,0.0,0.0,0.0,0.0,0.0,0.0
16participation,0.0,0.0,0.0,0.00028579230392,0.0,0.0,0.0,0.0,0.0,0.0,0.0
16s,0.0,0.00234194702269,0.0,0.0,0.0,0.0,0.0,0.0,0.0,0.0,0.0
16social,0.0,0.0,0.0,0.00028579230392,0.0,0.0,0.0,0.0,0.0,0.0,0.0
16table,0.0,0.0,0.0,0.00028579230392,0.0,0.0,0.0,0.0,0.0,0.0,0.0
17,0.0,0.0,0.00102953507565,0.0,0.0,0.0,0.000955269372949,0.0,0.00138100349967,0.0,0.0
17competitive,0.0,0.0,0.0,0.00028579230392,0.0,0.0,0.0,0.0,0.0,0.0,0.0
17opportunity,0.0,0.0,0.0,0.00028579230392,0.0,0.0,0.0,0.0,0.0,0.0,0.0
17s,0.0,0.00234194702269,0.0,0.0,0.0,0.0,0.0,0.0,0.0,0.0,0.0
17table,0.0,0.0,0.0,0.00028579230392,0.0,0.0,0.0,0.0,0.0,0.0,0.0
17us,0.0,0.0,0.0,0.00028579230392,0.0,0.0,0.0,0.0,0.0,0.0,0.0
18,0.0,0.0,0.0,0.0,0.0,0.0,0.0,0.0,0.00045928321516,0.0,0.0
180,0.0,0.0,0.0,0.0,0.0,0.0,0.0,0.0,0.0,0.00112357699033,0.0
1800s,0.0,0.0,0.0,0.00057158460784,0.0,0.0,0.0,0.0,0.0,0.0,0.0
18applicability,0.0,0.0,0.0,0.00028579230392,0.0,0.0,0.0,0.0,0.0,0.0,0.0
18fluid,0.0,0.0,0.0,0.00028579230392,0.0,0.0,0.0,0.0,0.0,0.0,0.0
18g,0.0,0.0,0.0,0.00028579230392,0.0,0.0,0.0,0.0,0.0,0.0,0.0
18recent,0.0,0.0,0.0,0.00028579230392,0.0,0.0,0.0,0.0,0.0,0.0,0.0
18rising,0.0,0.0,0.0,0.00028579230392,0.0,0.0,0.0,0.0,0.0,0.0,0.0
18s,0.0,0.00200181105711,0.0,0.000244284857207,0.0,0.0,0.0,0.0,0.0,0.0,0.0
18table,0.0,0.0,0.0,0.00028579230392,0.0,0.0,0.0,0.0,0.0,0.0,0.0
18temperature,0.0,0.0,0.0,0.00028579230392,0.0,0.0,0.0,0.0,0.0,0.0,0.0
19,0.0,0.0,0.0,0.0,0.0,0.0,0.0,0.0,0.00183713286064,0.0,0.0
1930s,0.0,0.0,0.00117066585327,0.0,0.0,0.0,0.00217243931176,0.0,0.0,0.0,0.0
1960,0.0,0.0,0.0,0.0,0.0,0.0,0.0,0.00261109225571,0.0,0.0,0.0
1990s,0.0,0.00142034478335,0.0,0.0,0.0,0.0,0.00077070531523,0.00158357607081,0.000278546232008,0.000681427334372,0.0
19companies,0.0,0.0,0.0,0.00028579230392,0.0,0.0,0.0,0.0,0.0,0.0,0.0
19crm,0.0,0.0,0.0,0.00028579230392,0.0,0.0,0.0,0.0,0.0,0.0,0.0
19electrical,0.0,0.0,0.0,0.00028579230392,0.0,0.0,0.0,0.0,0.0,0.0,0.0
19online,0.0,0.0,0.0,0.00028579230392,0.0,0.0,0.0,0.0,0.0,0.0,0.0
19s,0.0,0.0,0.0,0.0,0.0,0.0,0.0,0.0,0.00045928321516,0.0,0.0
1amarket,0.0,0.0,0.0,0.00057158460784,0.0,0.0,0.0,0.0,0.0,0.0,0.0
1b,0.0,0.0,0.0,0.0,0.0,0.0,0.0,0.0,0.0,0.0415723486423,0.0
1crm,0.0,0.0,0.0,0.00028579230392,0.0,0.0,0.0,0.0,0.0,0.0,0.0
1current,0.0,0.0,0.0,0.00028579230392,0.0,0.0,0.0,0.0,0.0,0.0,0.0
1customer,0.0,0.0,0.0,0.00028579230392,0.0,0.0,0.0,0.0,0.0,0.0,0.0
1disclaimers,0.0,0.0,0.0,0.00057158460784,0.0,0.0,0.0,0.0,0.0,0.0,0.0
1market,0.0,0.0,0.0,0.00057158460784,0.0,0.0,0.0,0.0,0.0,0.0,0.0
1mobile,0.0,0.0,0.0,0.00028579230392,0.0,0.0,0.0,0.0,0.0,0.0,0.0
1recession,0.0,0.0,0.0,0.00028579230392,0.0,0.0,0.0,0.0,0.0,0.0,0.0
1s4,0.0,0.0,0.0,0.0,0.0,0.0,0.0012707837136,0.0,0.0,0.0,0.0
1table,0.0,0.0,0.0,0.00057158460784,0.0,0.0,0.0,0.0,0.0,0.0,0.0
1us,0.0,0.0,0.0,0.00028579230392,0.0,0.0,0.0,0.0,0.0,0.0,0.0
